,abs,rel-e,rel-b,rel-eb,rel2-e,rel2-b,rel2-eb
Add,0.4814453125,0.5908203125,0.0498046875,0.8310546875,0.7841796875,0.0595703125,0.7099609375
AddNeg,0.857421875,0.9833984375,0.412109375,0.984375,0.9736328125,0.3408203125,0.982421875
Reverse,0.54296875,0.3828125,0.0576171875,0.4775390625,0.357421875,0.048828125,0.4482421875
Dup,0.2880859375,0.7734375,0.0107421875,0.8701171875,0.865234375,0.01171875,0.8720703125
SCAN-l,0.0005040322580645161,0.27368951612903225,0.25201612903225806,0.26360887096774194,0.2913306451612903,0.2913306451612903,0.1743951612903226
SCAN-aj,0.0,0.0038739669421487604,0.0033574380165289257,0.0,0.055000397353625496,0.0,0.0
PCFG-p,0.0,0.06522120786516854,0.009041432584269662,0.37236657303370785,0.3818761704677946,0.010709269662921348,0.42503511235955055
PCFG-s,0.0,0.11695742241616519,0.00717374213836478,0.4475750600766836,0.48668513545450176,0.0110062893081761,0.5777943123061702
